unique.cm1e.from.,year.in.deg,year.out.deg,betweenness,outcloseness,incloseness,mp.eigval,cy.degree,cy.indegree,cy.outdegree,cy.betweenness,mp.degree,mp.indegree,mp.outdegree,mp.betweenness,sp.degree,sp.indegree,sp.outdegree,sp.betweenness
arusha/meru/akheri,2,1,7.553571429,1.32E-05,2.04E-05,0.092349881,3,2,1,7.553571429,13,7,6,68.75329689,10,5,5,448.3637736
arusha/ngorongoro/alailelai,0,1,0,1.32E-05,6.33E-06,0.002041786,1,0,1,0,10,5,5,30.15655821,10,5,5,569.2931425
kilimanjaro/rombo/aleni,0,1,0,1.33E-05,6.33E-06,0.024976265,1,0,1,0,11,5,6,1158.296111,10,5,5,3452.000352
arusha/ngorongoro/arash,0,3,0,1.33E-05,6.33E-06,0.000182165,3,0,3,0,7,2,5,52.73196785,4,2,2,0
manyara/babati/arri,1,1,0,1.32E-05,6.36E-06,0.000303888,2,1,1,0,15,8,7,137.9829007,14,7,7,2056.234038
kilimanjaro/moshi/arushachini,6,0,0,6.33E-06,2.06E-05,0.301117974,6,6,0,0,24,15,9,371.0495826,18,9,9,13370.96439
manyara/mbulu/ayamaami,1,1,0,1.32E-05,2.03E-05,0.000991104,2,1,1,0,9,5,4,70.55222155,8,4,4,9.442005498
manyara/mbulu/ayamohe,0,1,0,1.32E-05,6.33E-06,0.00022001,1,0,1,0,7,3,4,4.664274745,6,3,3,0
manyara/babati/ayasanda,1,1,273,1.32E-05,2.03E-05,0.000739119,2,1,1,273,9,5,4,1129.344073,8,4,4,10.34305591
manyara/babatiurban/babati,8,8,208.8757076,1.32E-05,2.05E-05,0.059479508,16,8,8,208.8757076,24,12,12,4741.591074,8,4,4,15.63855713
manyara/babatiurban/bagara,0,0,0,6.33E-06,6.33E-06,0.004438326,0,0,0,0,16,8,8,2036.906792,16,8,8,1581.19697
manyara/hanang/balagidalalu,0,1,0,1.53E-05,6.33E-06,6.93E-07,1,0,1,0,11,5,6,247.9350152,10,5,5,477.5160862
arusha/arusha/bangata,2,1,0,1.32E-05,2.05E-05,0.191516802,3,2,1,0,15,8,7,47.75893272,12,6,6,1637.390342
arusha/arushaurban/baraa,7,0,0,6.33E-06,2.06E-05,0.300992174,7,7,0,0,17,12,5,57.01687045,10,5,5,260.1852479
arusha/karatu/baray,2,4,0,1.32E-05,2.04E-05,0.00484849,6,2,4,0,22,10,12,2771.332034,16,8,8,4822.352208
manyara/mbulu/bargish,1,1,0,1.32E-05,2.03E-05,0.000987817,2,1,1,0,10,5,5,92.05469228,10,5,5,51.23757011
manyara/mbulu/bashay,0,1,0,1.32E-05,6.33E-06,0.000755468,1,0,1,0,11,5,6,61.40521962,10,5,5,834.3016044
manyara/babati/bashneti,1,36,237,1.57E-05,6.34E-06,0.000450356,37,1,36,237,44,5,39,2104.048516,10,5,5,1008.509154
manyara/hanang/bassodesh,1,15,236,1.55E-05,6.34E-06,5.97E-05,16,1,15,236,30,8,22,1866.77677,16,8,8,2978.708554
manyara/hanang/bassotu,0,22,0,1.34E-05,6.33E-06,5.08E-06,22,0,22,0,32,5,27,637.1380635,10,5,5,548.1193917
kilimanjaro/same/bendera,0,0,0,6.33E-06,6.33E-06,0.00129475,0,0,0,0,6,3,3,4.750277123,6,3,3,170.3517818
kilimanjaro/siha/biriri,9,36,1943.365476,1.32E-05,2.04E-05,0.154524896,45,9,36,1943.365476,56,15,41,1930.534581,16,8,8,1572.869105
manyara/babati/boay,0,1,0,1.32E-05,6.33E-06,0.000263507,1,0,1,0,10,5,5,1238.605577,10,5,5,12188.90089
kilimanjaro/moshimunicipal/bomambuzi,1,0,0,6.33E-06,2.06E-05,0.105517558,1,1,0,0,15,8,7,174.8281307,14,7,7,1852.637223
kilimanjaro/same/bombo,0,1,0,1.32E-05,6.33E-06,0.000571774,1,0,1,0,9,4,5,189.093521,8,4,4,76.00079513
kilimanjaro/moshimunicipal/bondeni,0,0,0,6.33E-06,6.33E-06,0.04058906,0,0,0,0,10,5,5,201.0298199,10,5,5,263.1851316
manyara/babatiurban/bonga,0,1,0,1.33E-05,6.33E-06,0.000580711,1,0,1,0,13,6,7,178.3652215,12,6,6,4513.629887
arusha/karatu/buger,0,1,0,1.32E-05,6.33E-06,0.001079999,1,0,1,0,14,7,7,190.4827125,14,7,7,2890.016649
manyara/kiteto/bwagamoyo,0,1,0,1.45E-05,6.33E-06,3.59E-05,1,0,1,0,6,3,3,1,6,3,3,1
kilimanjaro/same/bwambo,0,0,0,6.33E-06,6.33E-06,0.009074442,0,0,0,0,12,6,6,183.201908,12,6,6,66.92598328
arusha/arusha/bwawani,109,75,8024.996337,1.32E-05,2.06E-05,0.941767813,184,109,75,8024.996337,189,112,77,15331.11613,12,6,6,5407.82012
manyara/kiteto/chapakazi,1,1,0,1.45E-05,6.97E-06,5.93E-05,2,1,1,0,12,6,6,180.9738779,12,6,6,3068.348974
kilimanjaro/same/chome,0,0,0,6.33E-06,6.33E-06,0.005568762,0,0,0,0,20,10,10,806.6305006,20,10,10,4295.200347
kilimanjaro/mwanga/chomvu,1,1,0,1.32E-05,2.04E-05,0.032739274,2,1,1,0,14,7,7,312.6165304,12,6,6,256.5876615
arusha/karatu/daa,2,8,418,1.33E-05,6.36E-06,0.002045524,10,2,8,418,24,8,16,594.5280306,16,8,8,3199.217012
manyara/babati/dabil,1,3,209,1.33E-05,6.70E-06,0.000138205,4,1,3,209,21,9,12,1991.797621,18,9,9,4874.702884
arusha/arushaurban/darajambili,2,1,0,1.32E-05,2.05E-05,0.13331307,3,2,1,0,13,7,6,110.8697607,10,5,5,194.1614899
manyara/babati/dareda,10,10,1321.29881,1.32E-05,2.03E-05,0.000911836,20,10,10,1321.29881,26,11,15,2918.898738,10,5,5,965.5757132
manyara/mbulu/daudi,7,3,1245,1.32E-05,2.03E-05,0.001474487,10,7,3,1245,17,8,9,865.7965803,12,6,6,385.7134761
arusha/ngorongoro/digodigo,2,1,1118.333333,1.32E-05,2.05E-05,0.061177235,3,2,1,1118.333333,15,8,7,2545.624378,14,7,7,4134.63611
manyara/mbulu/dinamu,0,1,0,1.32E-05,6.33E-06,0.004909776,1,0,1,0,14,7,7,1907.144692,14,7,7,2393.73906
manyara/hanang/dirma,2,4,209,1.33E-05,6.70E-06,4.94E-06,6,2,4,209,17,7,10,1197.773409,12,6,6,3262.423143
manyara/kiteto/dongo,4,11,246.6423903,1.45E-05,6.97E-06,3.39E-05,15,4,11,246.6423903,16,4,12,179.9150323,4,2,2,0
manyara/mbulu/dongobesh,14,6,1442.459524,1.32E-05,2.05E-05,0.068900481,20,14,6,1442.459524,27,16,11,12408.71451,10,5,5,276.7875718
manyara/kiteto/dosidosi,6,37,1345.57191,1.45E-05,6.98E-06,1.53E-05,43,6,37,1345.57191,43,6,37,1871.167488,6,3,3,371.6706997
manyara/babati/duru,0,1,0,1.32E-05,6.33E-06,0.000404572,1,0,1,0,16,8,8,916.378873,16,8,8,4618.638302
arusha/longido/elengatadapash,0,1,0,1.32E-05,6.33E-06,0.043195339,1,0,1,0,12,6,6,248.7661571,12,6,6,6057.625308
arusha/arushaurban/elerai,37,3,0,1.32E-05,2.05E-05,0.477959469,40,37,3,0,51,42,9,1139.639703,12,6,6,805.5011411
manyara/simanjiro/emboreet,10,6,12.31111564,1.32E-05,2.05E-05,0.147615476,16,10,6,12.31111564,30,17,13,1706.921248,14,7,7,10777.51984
arusha/karatu/endabash,0,17,0,1.34E-05,6.33E-06,0.001199426,17,0,17,0,28,6,22,516.6599767,12,6,6,1474.35334
manyara/mbulu/endagikot,6,5,1077.333333,1.32E-05,2.03E-05,0.001590176,11,6,5,1077.333333,16,7,9,925.4995599,10,5,5,162.7550987
arusha/karatu/endamaghang,0,3,0,1.33E-05,6.33E-06,0.001196685,3,0,3,0,11,4,7,116.4061995,8,4,4,1475.106057
arusha/karatu/endamarariek,0,3,0,1.33E-05,6.33E-06,0.006041082,3,0,3,0,15,6,9,553.3038297,12,6,6,3419.38474
manyara/mbulu/endamilay,0,1,0,1.33E-05,6.33E-06,0.000421665,1,0,1,0,12,6,6,258.2031223,12,6,6,952.3511749
manyara/hanang/endasak,9,29,1628.608333,1.53E-05,6.66E-06,3.63E-05,38,9,29,1628.608333,42,10,32,3349.121153,8,4,4,17.43299551
manyara/hanang/endasiwold,0,1,0,1.53E-05,6.33E-06,1.46E-05,1,0,1,0,10,5,5,66.33184711,10,5,5,174.7172675
manyara/simanjiro/endiantu,1,1,0,1.32E-05,2.04E-05,0.053493558,2,1,1,0,10,5,5,8.222169365,8,4,4,112.5715115
manyara/babati/endokise,0,1,0,1.32E-05,6.33E-06,0.017947481,1,0,1,0,10,5,5,26.97969478,10,5,5,769.3121268
manyara/simanjiro/endonyongijape,2,1,1.976190476,1.32E-05,6.99E-06,0.011905103,3,2,1,1.976190476,12,7,5,79.43459789,10,5,5,1153.653198
arusha/ngorongoro/endulen,19,38,4076.363071,1.32E-05,2.05E-05,0.092384341,57,19,38,4076.363071,59,20,39,9041.449304,6,3,3,792
arusha/longido/engarenaibor,1,1,0,1.32E-05,2.04E-05,0.031093761,2,1,1,0,8,4,4,5.014176513,6,3,3,507.1632084
arusha/monduli/engaruka,6,3,832,1.32E-05,2.04E-05,0.021175109,9,6,3,832,22,11,11,1523.270916,16,8,8,10869.06196
arusha/longido/engikaret,6,0,0,6.33E-06,2.06E-05,0.23075367,6,6,0,0,19,12,7,664.260849,14,7,7,10492.18611
manyara/kiteto/engusero,1,1,0,1.45E-05,6.97E-06,1.33E-05,2,1,1,0,12,6,6,119.6301051,12,6,6,1019.062592
arusha/ngorongoro/enguserosambu,0,1,0,1.32E-05,6.33E-06,0.006204555,1,0,1,0,6,3,3,0,6,3,3,0
arusha/arushaurban/engutoto,6,1,0.571428571,1.32E-05,2.05E-05,0.257699822,7,6,1,0.571428571,17,11,6,54.86146166,10,5,5,1163.648537
arusha/monduli/engutoto,6,1,1.75,1.32E-05,2.05E-05,0.252904207,7,6,1,1.75,14,10,4,407.2542494,8,4,4,792
manyara/mbulu/eshkesh,0,1,0,1.33E-05,6.33E-06,0.000353994,1,0,1,0,8,4,4,350.2506391,8,4,4,2744.691491
arusha/monduli/esilalei,4,1,1.166666667,1.32E-05,2.05E-05,0.089828792,5,4,1,1.166666667,17,10,7,325.3832201,14,7,7,6765.391849
manyara/babati/galapo,8,6,626.6666667,1.32E-05,2.04E-05,0.020903945,14,8,6,626.6666667,24,12,12,1342.563751,12,6,6,4875.565349
arusha/karatu/ganako,1,1,0,1.32E-05,2.04E-05,0.007066295,2,1,1,0,14,7,7,207.4367481,14,7,7,1724.100095
manyara/hanang/ganana,0,1,0,1.53E-05,6.33E-06,3.02E-06,1,0,1,0,4,2,2,0,4,2,2,0
kilimanjaro/siha/gararagua,1,1,37.8835375,1.32E-05,2.05E-05,0.134096451,2,1,1,37.8835375,15,8,7,66.15821705,14,7,7,545.6695867
manyara/mbulu/gehandu,1,1,0,1.32E-05,2.03E-05,0.001585721,2,1,1,0,17,9,8,286.9992614,16,8,8,2462.287388
manyara/hanang/gehandu,1,8,235,1.54E-05,6.34E-06,4.41E-07,9,1,8,235,16,4,12,396.2999007,8,4,4,177.9280248
arusha/longido/gelailumbwa,0,1,0,1.32E-05,6.33E-06,0.010663188,1,0,1,0,11,5,6,83.1815016,10,5,5,1797.623727
arusha/longido/gelaimeirugoi,0,1,0,1.32E-05,6.33E-06,0.004537493,1,0,1,0,10,5,5,25.198844,10,5,5,629.060162
manyara/hanang/gendabi,0,1,0,1.53E-05,6.33E-06,1.34E-05,1,0,1,0,11,5,6,202.4487508,10,5,5,750.0748974
manyara/hanang/getanuwas,0,1,0,1.34E-05,6.33E-06,4.61E-06,1,0,1,0,8,4,4,174.3006468,8,4,4,662.7822851
manyara/mbulu/geterer,0,1,0,1.33E-05,6.33E-06,3.79E-05,1,0,1,0,10,5,5,102.388377,10,5,5,740.6465443
manyara/hanang/gidahababieg,0,0,0,6.33E-06,6.33E-06,1.24E-05,0,0,0,0,12,6,6,148.2699916,12,6,6,603.8664685
manyara/babati/gidas,3,3,623,1.32E-05,2.02E-05,8.98E-05,6,3,3,623,15,6,9,1732.975287,12,6,6,2296.7732
manyara/mbulu/gidihim,1,1,0,1.32E-05,6.36E-06,0.004846837,2,1,1,0,11,6,5,2681.795812,10,5,5,143.0318586
manyara/hanang/gisambalang,0,7,0,1.54E-05,6.33E-06,4.48E-07,7,0,7,0,15,4,11,529.6356831,8,4,4,399.0482033
manyara/hanang/giting,1,1,21,1.33E-05,6.68E-06,1.37E-05,2,1,1,21,13,7,6,182.104817,12,6,6,700.631962
manyara/mbulu/gunyoda,0,1,0,1.32E-05,6.33E-06,0.001509404,1,0,1,0,13,6,7,355.9092509,12,6,6,404.6458094
kilimanjaro/hai/haimjini,15,3,0,1.32E-05,2.05E-05,0.383342324,18,15,3,0,26,19,7,220.1674111,8,4,4,73.44473256
manyara/mbulu/hayderer,0,1,0,1.55E-05,6.33E-06,0.000108585,1,0,1,0,10,5,5,83.57459939,10,5,5,129.7594036
manyara/mbulu/haydom,7,4,840.9719888,1.33E-05,6.48E-06,7.61E-05,11,7,4,840.9719888,16,7,9,1266.828962,10,5,5,2449.794288
kilimanjaro/same/hedaru,15,3,1248,1.32E-05,2.05E-05,0.109710527,18,15,3,1248,28,19,9,5838.93125,12,6,6,314.8283292
manyara/hanang/hidet,0,1,0,1.53E-05,6.33E-06,2.80E-06,1,0,1,0,9,4,5,14.56974802,8,4,4,133.8271478
manyara/hanang/hirbadaw,1,8,210,1.33E-05,6.34E-06,1.07E-05,9,1,8,210,15,4,11,246.6157599,8,4,4,1392.744122
kilimanjaro/rombo/holili,12,0,0,6.33E-06,2.07E-05,0.292422655,12,12,0,0,20,16,4,751.0321991,8,4,4,1501.577275
arusha/arusha/ilkidinga,8,0,0,6.33E-06,2.06E-05,0.31980049,8,8,0,0,23,15,8,68.54767162,16,8,8,4527.459402
arusha/longido/ilorienito,0,1,0,1.32E-05,6.33E-06,0.005704829,1,0,1,0,8,4,4,4.984453686,8,4,4,45.80800835
manyara/mbulu/imboru,5,63,4494.241834,1.32E-05,2.04E-05,0.010930219,68,5,63,4494.241834,75,10,65,9662.925422,12,6,6,191.150075
kilimanjaro/siha/ivaeny,3,4,0.392857143,1.32E-05,2.05E-05,0.15854862,7,3,4,0.392857143,21,10,11,477.3889758,14,7,7,483.5002287
kilimanjaro/mwanga/jipe,0,0,0,6.33E-06,6.33E-06,0.004465751,0,0,0,0,8,4,4,10.11247292,8,4,4,149.1553104
kilimanjaro/moshi/kahe,13,1,175.0769764,1.32E-05,2.05E-05,0.325302716,14,13,1,175.0769764,28,20,8,607.4110671,14,7,7,13048.56094
kilimanjaro/moshi/kahemashariki,5,0,0,6.33E-06,2.06E-05,0.198376931,5,5,0,0,13,8,5,27.29278832,10,5,5,947.8452463
manyara/mbulu/kainam,0,0,0,6.33E-06,6.33E-06,0.000434299,0,0,0,0,8,4,4,3.507226107,8,4,4,25.93561671
arusha/ngorongoro/kakesio,0,1,0,1.33E-05,6.33E-06,0.005565568,1,0,1,0,2,1,1,0,2,1,1,0
kilimanjaro/same/kalemawe,1,0,0,6.33E-06,2.05E-05,0.006110383,1,1,0,0,11,6,5,914.6056863,10,5,5,97.83884309
arusha/arushaurban/kaloleni,2,0,0,6.33E-06,2.06E-05,0.147044106,2,2,0,0,12,7,5,174.4495683,10,5,5,28.00805838
kilimanjaro/moshimunicipal/kaloleni,1,1,39.32459854,1.32E-05,2.05E-05,0.092036242,2,1,1,39.32459854,14,7,7,1123.319215,12,6,6,315.0780827
arusha/longido/kamwanga,8,0,0,6.33E-06,2.06E-05,0.239690384,8,8,0,0,14,11,3,91.36392396,6,3,3,67.26993663
arusha/karatu/kansay,0,3,0,1.33E-05,6.33E-06,0.000522205,3,0,3,0,13,5,8,366.3189147,10,5,5,389.9787364
kilimanjaro/moshimunicipal/karanga,3,0,0,6.33E-06,2.06E-05,0.187426253,3,3,0,0,16,9,7,171.6182221,14,7,7,3075.297897
kilimanjaro/siha/karansi,2,1,0.166666667,1.32E-05,2.05E-05,0.175736355,3,2,1,0.166666667,14,8,6,126.7095755,12,6,6,1213.323509
arusha/karatu/karatu,10,46,2429.964432,1.32E-05,2.05E-05,0.072823843,56,10,46,2429.964432,59,11,48,5727.230868,8,4,4,107.3096234
kilimanjaro/siha/kashisha,0,3,0,1.33E-05,6.33E-06,0.036180894,3,0,3,0,9,3,6,70.28462701,6,3,3,0
kilimanjaro/rombo/katangaramrere,6,1,125.1174931,1.32E-05,2.05E-05,0.256820213,7,6,1,125.1174931,17,11,6,2765.819432,10,5,5,517.8491351
manyara/hanang/katesh,8,45,1256.885273,1.53E-05,6.66E-06,4.45E-05,53,8,45,1256.885273,54,8,46,3905.725609,4,2,2,0
arusha/arushaurban/kati,0,0,0,6.33E-06,6.33E-06,0.059611388,0,0,0,0,12,6,6,30.96486039,12,6,6,177.4488708
kilimanjaro/rombo/kelamfuamokala,0,0,0,6.33E-06,6.33E-06,0.019947986,0,0,0,0,10,5,5,50.3641287,10,5,5,54.96039894
kilimanjaro/rombo/kenimengeni,0,0,0,6.33E-06,6.33E-06,0.041703763,0,0,0,0,20,10,10,1428.260777,20,10,10,3771.296497
kilimanjaro/hai/kia,10,4,8.526481645,1.32E-05,2.05E-05,0.324347406,14,10,4,8.526481645,26,16,10,585.6546368,12,6,6,3406.348528
manyara/kiteto/kibaya,0,4,0,1.33E-05,6.33E-06,2.94E-05,4,0,4,0,8,2,6,106.5082045,4,2,2,0
kilimanjaro/moshimunicipal/kiboriloni,15,0,0,6.33E-06,2.07E-05,0.38019764,15,15,0,0,31,23,8,824.3748094,16,8,8,793.6585481
kilimanjaro/moshi/kiboshokati,2,1,42.60971569,1.32E-05,2.05E-05,0.119113005,3,2,1,42.60971569,11,6,5,126.3274837,8,4,4,127.6906046
kilimanjaro/moshi/kiboshomagharibi,0,0,0,6.33E-06,6.33E-06,0.045803589,0,0,0,0,10,5,5,13.82042643,10,5,5,685.5826563
kilimanjaro/moshi/kiboshomashariki,15,0,0,6.33E-06,2.07E-05,0.273529075,15,15,0,0,29,22,7,1085.188613,14,7,7,11243.9781
kilimanjaro/mwanga/kifula,1,0,0,6.33E-06,2.06E-05,0.025520967,1,1,0,0,11,6,5,365.8271554,10,5,5,136.9772001
kilimanjaro/mwanga/kighare,0,1,0,1.33E-05,6.33E-06,0.013649491,1,0,1,0,15,7,8,303.4018836,14,7,7,607.8963609
kilimanjaro/mwanga/kigoningoni,0,1,0,1.33E-05,6.33E-06,0.014837466,1,0,1,0,15,7,8,638.4247254,14,7,7,620.5144968
kilimanjaro/same/kihurio,0,0,0,6.33E-06,6.33E-06,0.001479788,0,0,0,0,8,4,4,8.408610457,8,4,4,172.7517818
manyara/kiteto/kijungu,4,1,4.583333333,1.45E-05,6.97E-06,8.61E-05,5,4,1,4.583333333,12,7,5,48.88204187,8,4,4,91.76354296
arusha/meru/kikatiti,22,55,2210.407905,1.32E-05,2.05E-05,0.354033436,77,22,55,2210.407905,80,24,56,2299.327739,6,3,3,0
arusha/meru/kikwe,4,0,0,6.33E-06,2.06E-05,0.252728523,4,4,0,0,20,12,8,160.7318157,16,8,8,2980.766021
kilimanjaro/moshi/kilemakaskazini,0,0,0,6.33E-06,6.33E-06,0.016661805,0,0,0,0,8,4,4,5.666119231,8,4,4,19.23572367
kilimanjaro/moshi/kilemakati,0,0,0,6.33E-06,6.33E-06,0.040885372,0,0,0,0,12,6,6,471.8673054,12,6,6,47.52558214
kilimanjaro/moshi/kilemakusini,7,41,1815.4,1.32E-05,2.04E-05,0.15087168,48,7,41,1815.4,55,13,42,11972.85785,12,6,6,517.8955637
kilimanjaro/mwanga/kileo,9,5,2.948809524,1.32E-05,2.05E-05,0.192450863,14,9,5,2.948809524,27,16,11,1703.090936,14,7,7,9822.487152
kilimanjaro/moshimunicipal/kilimanjaro,1,0,0,6.33E-06,2.06E-05,0.129389358,1,1,0,0,15,8,7,245.8546098,14,7,7,1228.248419
kilimanjaro/mwanga/kilomeni,0,0,0,6.33E-06,6.33E-06,0.030969769,0,0,0,0,10,5,5,109.9420298,10,5,5,544.2664975
arusha/arushaurban/kimandolu,4,1,1.717857143,1.32E-05,2.05E-05,0.238046498,5,4,1,1.717857143,15,9,6,149.264143,10,5,5,42.27925188
arusha/arusha/kimnyaki,2,0,0,6.33E-06,2.06E-05,0.127311969,2,2,0,0,9,5,4,6.15340205,8,4,4,80.56027229
kilimanjaro/moshi/kimochi,5,0,0,6.33E-06,2.06E-05,0.288469372,5,5,0,0,17,11,6,413.0474327,12,6,6,97.87286059
arusha/longido/kimokouwa,10,1,0.285714286,1.32E-05,2.05E-05,0.307839793,11,10,1,0.285714286,21,15,6,523.3693147,12,6,6,2966.390344
kilimanjaro/moshi/kindi,3,0,0,6.33E-06,2.06E-05,0.147521942,3,3,0,0,22,12,10,503.2725275,20,10,10,6455.970424
arusha/meru/kingori,3,1,0,1.32E-05,2.05E-05,0.228636555,4,3,1,0,18,10,8,159.2981011,16,8,8,3614.628571
kilimanjaro/same/kirangare,0,0,0,6.33E-06,6.33E-06,0.014259696,0,0,0,0,10,5,5,106.8963475,10,5,5,1222.432399
arusha/arusha/kiranyi,2,1,0,1.32E-05,2.05E-05,0.17467367,3,2,1,0,17,9,8,691.290925,14,7,7,1144.369105
kilimanjaro/moshi/kirima,1,0,0,6.33E-06,2.06E-05,0.13201143,1,1,0,0,15,8,7,123.2629722,14,7,7,3818.284911
kilimanjaro/rombo/kirongosamanga,0,0,0,6.33E-06,6.33E-06,0.058412076,0,0,0,0,10,5,5,12.72320529,10,5,5,231.5075024
kilimanjaro/mwanga/kirongwe,4,0,0,6.33E-06,2.06E-05,0.053299511,4,4,0,0,10,7,3,268.0324768,6,3,3,0
manyara/babati/kiru,0,1,0,1.32E-05,6.33E-06,0.001185494,1,0,1,0,13,6,7,326.6093834,12,6,6,3908.249813
kilimanjaro/moshi/kiruavunjokusini,6,10,9.433333333,1.32E-05,2.05E-05,0.279895034,16,6,10,9.433333333,28,12,16,2840.800802,14,7,7,3168.73039
kilimanjaro/moshi/kiruavunjomagharibi,7,0,0,6.33E-06,2.06E-05,0.170398678,7,7,0,0,21,14,7,1105.711097,14,7,7,1210.721125
kilimanjaro/moshi/kiruavunjomashariki,4,0,0,6.33E-06,2.06E-05,0.175763235,4,4,0,0,11,7,4,158.3905376,8,4,4,118.4665438
kilimanjaro/rombo/kirwakeni,1,0,0,6.33E-06,2.06E-05,0.048762952,1,1,0,0,15,8,7,890.2447022,14,7,7,1726.680762
kilimanjaro/mwanga/kirya,0,0,0,6.33E-06,6.33E-06,0.046371774,0,0,0,0,12,6,6,40.18816688,12,6,6,4502.60244
kilimanjaro/rombo/kisalemsaranga,0,0,0,6.33E-06,6.33E-06,0.038653821,0,0,0,0,6,3,3,5.887160178,6,3,3,54.73874637
kilimanjaro/same/kisima,0,1,0,1.33E-05,6.33E-06,0.009351416,1,0,1,0,9,4,5,34.76871232,8,4,4,7.36031746
kilimanjaro/same/kisiwani,5,1,11.83333333,1.32E-05,2.04E-05,0.02512565,6,5,1,11.83333333,16,10,6,1749.946919,10,5,5,946.7046097
arusha/arusha/kisongo,13,1,3.446428571,1.32E-05,2.05E-05,0.319081513,14,13,1,3.446428571,23,17,6,130.9221024,10,5,5,981.3551553
kilimanjaro/rombo/kitirimakingachi,0,0,0,6.33E-06,6.33E-06,0.025422949,0,0,0,0,6,3,3,0,6,3,3,0
arusha/longido/kitumbeine,1,1,0,1.32E-05,2.04E-05,0.025788022,2,1,1,0,14,7,7,273.1501901,12,6,6,1718.348648
manyara/simanjiro/kitwai,0,1,0,1.32E-05,6.33E-06,0.010017157,1,0,1,0,14,7,7,2916.732542,14,7,7,6848.168604
kilimanjaro/moshimunicipal/kiusa,34,6,147.2852133,1.32E-05,2.05E-05,0.401412024,40,34,6,147.2852133,50,39,11,4064.480418,10,5,5,155.1402166
kilimanjaro/mwanga/kivisini,0,0,0,6.33E-06,6.33E-06,0.027279648,0,0,0,0,10,5,5,372.8321359,10,5,5,1131.607253
manyara/simanjiro/komolo,9,10,455.9462966,1.32E-05,2.05E-05,0.104806134,19,9,10,455.9462966,28,12,16,761.2326505,12,6,6,8295.787032
kilimanjaro/moshimunicipal/korongoni,0,0,0,6.33E-06,6.33E-06,0.077791715,0,0,0,0,16,8,8,430.2368455,16,8,8,1969.282829
kilimanjaro/mwanga/kwakoa,2,1,0,1.32E-05,2.05E-05,0.086872062,3,2,1,0,11,6,5,426.5705017,10,5,5,604.2924062
manyara/hanang/laghanga,0,7,0,1.54E-05,6.33E-06,9.47E-07,7,0,7,0,15,4,11,129.5531321,8,4,4,483.154032
manyara/hanang/lalaji,0,1,0,1.54E-05,6.33E-06,9.53E-08,1,0,1,0,6,3,3,2.473171273,6,3,3,6.788897242
kilimanjaro/mwanga/langata,2,0,0,6.33E-06,2.06E-05,0.180937368,2,2,0,0,16,9,7,279.7090357,14,7,7,20714.07911
arusha/meru/leguruki,4,1,116.6429471,1.32E-05,2.05E-05,0.250064932,5,4,1,116.6429471,17,10,7,192.5018988,12,6,6,2390.55227
arusha/arushaurban/lemara,7,3,0,1.32E-05,2.05E-05,0.229874115,10,7,3,0,20,12,8,634.5357733,10,5,5,1065.434446
kilimanjaro/mwanga/lembeni,1,3,0,1.32E-05,2.04E-05,0.050644483,4,1,3,0,17,7,10,626.1480679,14,7,7,3127.595608
manyara/kiteto/lengatei,3,1,27.04545455,1.45E-05,6.97E-06,8.53E-05,4,3,1,27.04545455,10,6,4,155.3344072,8,4,4,1625.465405
arusha/monduli/lepurko,7,4,207.5555556,1.32E-05,2.05E-05,0.11909371,11,7,4,207.5555556,16,9,7,60.12569979,6,3,3,0
arusha/arushaurban/levolosi,0,0,0,6.33E-06,6.33E-06,0.036129807,0,0,0,0,10,5,5,8.762373634,10,5,5,49.767305
manyara/simanjiro/liborsoit,3,1,0.333333333,1.32E-05,2.04E-05,0.039805607,4,3,1,0.333333333,13,7,6,103.3474266,10,5,5,5510.011264
kilimanjaro/siha/livishi,0,0,0,6.33E-06,6.33E-06,0.061489829,0,0,0,0,10,5,5,3.458730159,10,5,5,106.7579287
manyara/simanjiro/loiborsiret,3,1,2.5,1.32E-05,2.03E-05,0.020035159,4,3,1,2.5,14,8,6,1563.487123,12,6,6,26694.9319
arusha/monduli/lolkisale,10,1,11,1.32E-05,2.05E-05,0.112636071,11,10,1,11,27,17,10,1611.065233,18,9,9,33655.6804
arusha/longido/longido,0,1,0,1.32E-05,6.33E-06,0.037936917,1,0,1,0,4,2,2,0,4,2,2,0
kilimanjaro/moshimunicipal/longuob,8,0,0,6.33E-06,2.06E-05,0.200714566,8,8,0,0,18,13,5,116.6169461,10,5,5,489.5614232
manyara/kiteto/loolera,3,1,4.583333333,1.45E-05,6.97E-06,0.000707573,4,3,1,4.583333333,13,7,6,1742.414233,10,5,5,3643.733608
kilimanjaro/same/lugulu,0,1,0,1.32E-05,6.33E-06,0.00089464,1,0,1,0,11,5,6,131.7026625,10,5,5,28.89334622
arusha/ngorongoro/maalon,0,1,0,1.32E-05,6.33E-06,0.001334983,1,0,1,0,12,6,6,218.3065263,12,6,6,932.0972229
kilimanjaro/same/mabilioni,7,0,0,6.33E-06,2.06E-05,0.100757237,7,7,0,0,18,12,6,1208.831122,12,6,6,6310.637238
kilimanjaro/moshi/mabogini,1,0,0,6.33E-06,2.06E-05,0.116998794,1,1,0,0,11,6,5,45.90782447,10,5,5,1229.721952
kilimanjaro/hai/machamekaskazini,15,0,0,6.33E-06,2.07E-05,0.387611724,15,15,0,0,28,21,7,381.2729125,14,7,7,1107.03126
kilimanjaro/hai/machamekusini,109,94,13729.36339,1.32E-05,2.06E-05,1,203,109,94,13729.36339,211,117,94,24682.99736,18,9,9,10465.94797
kilimanjaro/hai/machamemagharibi,1,1,37.61687083,1.32E-05,2.05E-05,0.138444533,2,1,1,37.61687083,10,5,5,31.38724153,8,4,4,24.80590989
kilimanjaro/hai/machamemashariki,0,0,0,6.33E-06,6.33E-06,0.057010377,0,0,0,0,8,4,4,4.35015549,8,4,4,48.83482737
kilimanjaro/hai/machamenarumu,7,0,0,6.33E-06,2.06E-05,0.245944414,7,7,0,0,16,11,5,347.652246,10,5,5,290.7308204
kilimanjaro/hai/machameuroki,6,0,0,6.33E-06,2.06E-05,0.25916465,6,6,0,0,12,9,3,8.399886898,6,3,3,0
kilimanjaro/hai/machameweruweru,2,1,58.29420639,1.32E-05,2.05E-05,0.122084922,3,2,1,58.29420639,10,5,5,124.5727684,8,4,4,935.4912366
manyara/babati/madunga,0,1,0,1.32E-05,6.33E-06,0.000889625,1,0,1,0,14,7,7,266.9532981,14,7,7,3651.287228
manyara/babati/magara,0,1,0,1.32E-05,6.33E-06,0.006841934,1,0,1,0,13,6,7,624.0661445,12,6,6,6846.846971
manyara/mbulu/maghang,0,1,0,1.33E-05,6.33E-06,0.000374201,1,0,1,0,12,6,6,644.8962613,12,6,6,663.9677449
manyara/babati/magugu,5,14,55.64879255,1.32E-05,2.03E-05,0.010629584,19,5,14,55.64879255,36,14,22,2330.871566,18,9,9,20235.60755
manyara/kiteto/magungu,1,1,0,1.44E-05,6.97E-06,9.11E-06,2,1,1,0,9,5,4,82.42226416,8,4,4,42.71803718
kilimanjaro/rombo/mahida,0,0,0,6.33E-06,6.33E-06,0.053532819,0,0,0,0,8,4,4,3.942680034,8,4,4,10.76126204
manyara/babatiurban/maisaka,0,1,0,1.33E-05,6.33E-06,0.005072725,1,0,1,0,13,6,7,440.2090178,12,6,6,1476.629451
kilimanjaro/moshimunicipal/majengo,5,0,0,6.33E-06,2.06E-05,0.225041451,5,5,0,0,17,11,6,774.6591531,12,6,6,220.3161761
arusha/monduli/majengo,0,1,0,1.33E-05,6.33E-06,0.01259566,1,0,1,0,8,4,4,6.660991998,8,4,4,143.8257032
arusha/meru/majiyachai,12,6,109.9791098,1.32E-05,2.05E-05,0.348683547,18,12,6,109.9791098,30,17,13,672.7321101,14,7,7,726.5640307
manyara/kiteto/makame,0,1,0,1.45E-05,6.33E-06,0.004960479,1,0,1,0,11,5,6,3255.10584,10,5,5,9011.374933
kilimanjaro/same/makanya,9,7,1456.982143,1.32E-05,2.04E-05,0.046084679,16,9,7,1456.982143,25,13,12,4171.705646,12,6,6,3652.630479
arusha/meru/makiba,0,1,0,1.33E-05,6.33E-06,0.082151856,1,0,1,0,17,8,9,68.75427489,16,8,8,4822.611173
kilimanjaro/rombo/makiidi,6,0,0,6.33E-06,2.06E-05,0.107718251,6,6,0,0,12,9,3,348.7398825,6,3,3,0
kilimanjaro/siha/makiwaru,1,5,3,1.32E-05,2.03E-05,0.064874857,6,1,5,3,15,5,10,315.2628862,10,5,5,285.3495298
kilimanjaro/moshi/makuyuni,20,0,0,6.33E-06,2.07E-05,0.352291815,20,20,0,0,30,24,6,1658.132267,12,6,6,6383.109217
arusha/monduli/makuyuni,9,3,0,1.32E-05,2.05E-05,0.111231373,12,9,3,0,22,14,8,137.4212786,12,6,6,2427.897435
arusha/ngorongoro/malambo,0,3,0,1.33E-05,6.33E-06,0.001688818,3,0,3,0,15,6,9,500.8617007,12,6,6,2339.909928
kilimanjaro/moshi/mambakaskazini,0,0,0,6.33E-06,6.33E-06,0.015380543,0,0,0,0,8,4,4,55.41176537,8,4,4,65.37781187
kilimanjaro/moshi/mambakusini,0,0,0,6.33E-06,6.33E-06,0.028230021,0,0,0,0,8,4,4,55.38864959,8,4,4,2.513199666
manyara/babati/mamire,0,1,0,1.32E-05,6.33E-06,0.008976093,1,0,1,0,9,4,5,20.30421656,8,4,4,148.8634145
kilimanjaro/rombo/mamsera,10,0,0,6.33E-06,2.06E-05,0.284351525,10,10,0,0,22,16,6,1021.416642,12,6,6,690.0388398
kilimanjaro/rombo/manda,1,0,0,6.33E-06,2.04E-05,0.0378937,1,1,0,0,11,6,5,199.5814784,10,5,5,240.2822263
arusha/karatu/mangola,0,1,0,1.33E-05,6.33E-06,0.000487413,1,0,1,0,6,3,3,0,6,3,3,0
kilimanjaro/same/maore,0,0,0,6.33E-06,6.33E-06,0.002258223,0,0,0,0,16,8,8,648.8298227,16,8,8,494.828865
manyara/mbulu/marang,0,1,0,1.32E-05,6.33E-06,0.000262341,1,0,1,0,8,4,4,4.764563682,8,4,4,53.36258779
kilimanjaro/rombo/marangukitowo,16,0,0,6.33E-06,2.07E-05,0.336041826,16,16,0,0,24,20,4,467.98625,8,4,4,5
kilimanjaro/moshi/marangumagharibi,1,0,0,6.33E-06,2.04E-05,0.02358589,1,1,0,0,9,5,4,14.58414422,8,4,4,19.38444197
kilimanjaro/moshi/marangumashariki,4,0,0,6.33E-06,2.06E-05,0.141385807,4,4,0,0,19,11,8,2857.279901,16,8,8,1963.716449
manyara/mbulu/maretadu,0,1,0,1.32E-05,6.33E-06,0.000657412,1,0,1,0,11,5,6,231.1944124,10,5,5,182.364334
arusha/meru/maroroni,2,0,0,6.33E-06,2.06E-05,0.161362619,2,2,0,0,14,8,6,49.2466243,12,6,6,748.2457824
manyara/hanang/masakta,0,1,0,1.32E-05,6.33E-06,0.000108859,1,0,1,0,10,5,5,96.50445255,10,5,5,1593.39209
kilimanjaro/hai/masamakati,0,0,0,6.33E-06,6.33E-06,0.046632538,0,0,0,0,6,3,3,0,6,3,3,0
kilimanjaro/hai/masamakusini,9,0,0,6.33E-06,2.06E-05,0.33203822,9,9,0,0,25,16,9,555.2916664,18,9,9,5951.191248
kilimanjaro/hai/masamamagharibi,0,1,0,1.32E-05,6.33E-06,0.057697178,1,0,1,0,11,5,6,14.80158215,10,5,5,99.68231839
kilimanjaro/hai/masamamashariki,13,3,0,1.32E-05,2.05E-05,0.384330434,16,13,3,0,42,26,16,2333.259308,28,14,14,9924.21777
kilimanjaro/hai/masamarundugai,1,1,0,1.32E-05,2.05E-05,0.163718093,2,1,1,0,17,8,9,362.5396813,16,8,8,18448.9784
manyara/mbulu/masieda,1,1,0,1.32E-05,2.03E-05,0.001277968,2,1,1,0,15,8,7,401.5405332,14,7,7,697.9606226
manyara/hanang/maskron,0,1,0,1.53E-05,6.33E-06,5.16E-06,1,0,1,0,12,6,6,57.22895765,12,6,6,68.08672269
manyara/hanang/masqaroda,1,1,0,1.52E-05,6.66E-06,4.85E-05,2,1,1,0,14,7,7,446.2570967,14,7,7,3209.216697
manyara/mbulu/masqaroda,0,0,0,6.33E-06,6.33E-06,0.001136396,0,0,0,0,12,6,6,129.6447305,12,6,6,1092.481983
arusha/longido/matale,6,1,0.166666667,1.32E-05,2.05E-05,0.074303821,7,6,1,0.166666667,15,10,5,932.0805774,8,4,4,1854.885384
arusha/arusha/mateves,9,0,0,6.33E-06,2.06E-05,0.358607999,9,9,0,0,25,17,8,63.26154323,16,8,8,5639.094929
manyara/kiteto/matui,1,1,0,1.45E-05,6.97E-06,5.58E-05,2,1,1,0,8,4,4,88.51475892,6,3,3,0
kilimanjaro/moshimunicipal/mawenzi,0,0,0,6.33E-06,6.33E-06,0.055474474,0,0,0,0,12,6,6,464.8101744,12,6,6,81.14288488
kilimanjaro/moshi/mbokomu,0,0,0,6.33E-06,6.33E-06,0.055219543,0,0,0,0,12,6,6,69.87705605,12,6,6,2357.082965
arusha/meru/mbuguni,3,0,0,6.33E-06,2.06E-05,0.195648215,3,3,0,0,14,8,6,162.1084174,12,6,6,1150.341301
arusha/karatu/mbulumbulu,4,7,6.830718954,1.32E-05,2.04E-05,0.032683783,11,4,7,6.830718954,22,10,12,357.5387585,12,6,6,4647.49024
kilimanjaro/rombo/mengwe,0,0,0,6.33E-06,6.33E-06,0.024452141,0,0,0,0,6,3,3,0,6,3,3,0
manyara/simanjiro/mererani,2,4,0.625,1.32E-05,2.05E-05,0.079626386,6,2,4,0.625,14,6,8,265.7826883,8,4,4,180.9659443
arusha/monduli/meserani,109,104,20959.77956,1.32E-05,2.06E-05,0.941214452,213,109,104,20959.77956,219,113,106,55197.15267,12,6,6,5747.171216
kilimanjaro/moshimunicipal/mfumuni,1,0,0,6.33E-06,2.06E-05,0.090850806,1,1,0,0,9,5,4,41.69361703,8,4,4,35.36375595
kilimanjaro/mwanga/mgagao,37,74,7242.699982,1.32E-05,2.05E-05,0.33372184,111,37,74,7242.699982,119,41,78,18197.96785,16,8,8,4321.883121
kilimanjaro/same/mhezi,0,1,0,1.32E-05,6.33E-06,0.003130319,1,0,1,0,9,4,5,77.08444138,8,4,4,88.887297
kilimanjaro/moshimunicipal/miembeni,0,0,0,6.33E-06,6.33E-06,0.03829252,0,0,0,0,12,6,6,48.7172559,12,6,6,391.5191664
kilimanjaro/moshimunicipal/mjimpya,0,0,0,6.33E-06,6.33E-06,0.051624921,0,0,0,0,10,5,5,14.62604945,10,5,5,77.66201899
arusha/arusha/mlangarini,7,3,0,1.32E-05,2.05E-05,0.330123648,10,7,3,0,24,14,10,452.4133991,16,8,8,4866.162693
manyara/hanang/mogitu,1,13,17.29166667,1.53E-05,6.66E-06,5.59E-06,14,1,13,17.29166667,32,10,22,1625.481575,20,10,10,3992.3688
arusha/monduli/moita,0,1,0,1.32E-05,6.33E-06,0.130252345,1,0,1,0,12,6,6,78.05502887,12,6,6,4857.609834
arusha/arusha/moivo,17,0,0,6.33E-06,2.07E-05,0.356744353,17,17,0,0,27,22,5,123.8898706,10,5,5,141.5019739
arusha/monduli/mondulijuu,21,7,632.4746032,1.32E-05,2.05E-05,0.287676585,28,21,7,632.4746032,43,27,16,1587.783879,18,9,9,7950.77264
arusha/monduli/mondulimjini,0,1,0,1.32E-05,6.33E-06,0.015235868,1,0,1,0,3,1,2,0,2,1,1,0
arusha/arushaurban/moshono,9,3,0,1.32E-05,2.05E-05,0.343827479,12,9,3,0,26,16,10,983.9091651,14,7,7,2190.852634
kilimanjaro/rombo/motamburukitendeni,5,7,1.25,1.32E-05,2.05E-05,0.266970598,12,5,7,1.25,34,16,18,3162.139946,22,11,11,14947.3391
kilimanjaro/same/mpinji,1,0,0,6.33E-06,2.05E-05,0.007565728,1,1,0,0,11,6,5,658.4252923,10,5,5,195.7295081
kilimanjaro/rombo/mraokeryo,0,0,0,6.33E-06,6.33E-06,0.003621109,0,0,0,0,4,2,2,0,4,2,2,0
kilimanjaro/mwanga/msangeni,1,1,0,1.32E-05,2.04E-05,0.050464622,2,1,1,0,16,8,8,882.0840233,14,7,7,1959.572723
kilimanjaro/moshimunicipal/msaranga,1,0,0,6.33E-06,2.06E-05,0.115252842,1,1,0,0,15,8,7,176.0322975,14,7,7,508.5258885
kilimanjaro/same/mshewa,0,1,0,1.32E-05,6.33E-06,0.003945199,1,0,1,0,11,5,6,133.0227675,10,5,5,48.82476311
kilimanjaro/same/msindo,0,1,0,1.32E-05,6.33E-06,0.002364111,1,0,1,0,13,6,7,417.8099888,12,6,6,200.2308464
manyara/simanjiro/msituwatembo,4,0,0,6.33E-06,2.06E-05,0.186851954,4,4,0,0,14,9,5,200.9522696,10,5,5,10357.96553
arusha/monduli/mswakini,0,1,0,1.32E-05,6.33E-06,0.081753859,1,0,1,0,12,6,6,158.6863821,12,6,6,6917.671607
kilimanjaro/same/mtii,0,1,0,1.32E-05,6.33E-06,0.001015655,1,0,1,0,11,5,6,137.198281,10,5,5,258.6569696
arusha/monduli/mtowambu,5,45,2604.343651,1.32E-05,2.05E-05,0.073606099,50,5,45,2604.343651,53,6,47,3644.874671,6,3,3,138.6926141
arusha/longido/mundarara,0,3,0,1.33E-05,6.33E-06,0.060383843,3,0,3,0,17,7,10,895.3863953,14,7,7,3565.347869
manyara/mbulu/murray,0,4,0,1.33E-05,6.33E-06,0.002095317,4,0,4,0,18,7,11,712.1013263,14,7,7,9924.250894
arusha/arusha/mussa,9,1,4.596428571,1.32E-05,2.05E-05,0.31027852,10,9,1,4.596428571,24,16,8,67.9899555,14,7,7,1620.61732
manyara/babatiurban/mutuka,0,1,0,1.33E-05,6.33E-06,0.007783402,1,0,1,0,14,7,7,92.39085222,14,7,7,2688.996658
manyara/babati/mwada,3,10,9.395238095,1.32E-05,2.04E-05,0.022178871,13,3,10,9.395238095,22,7,15,715.4300526,12,6,6,8661.604651
arusha/arusha/mwandeti,10,0,0,6.33E-06,2.06E-05,0.261943771,10,10,0,0,18,14,4,23.76508363,8,4,4,70.34957414
kilimanjaro/mwanga/mwanga,8,3,0,1.32E-05,2.05E-05,0.198950753,11,8,3,0,23,14,9,1083.77992,12,6,6,1892.013656
kilimanjaro/mwanga/mwaniko,0,0,0,6.33E-06,6.33E-06,0.006490106,0,0,0,0,8,4,4,1.619047619,8,4,4,1.666666667
kilimanjaro/same/mwembe,0,1,0,1.32E-05,6.33E-06,0.013148464,1,0,1,0,16,8,8,604.7563666,16,8,8,4798.585772
kilimanjaro/moshi/mwikakusini,11,0,0,6.33E-06,2.06E-05,0.26784513,11,11,0,0,23,17,6,949.167119,12,6,6,1152.095026
kilimanjaro/moshi/mwikakaskazini,1,0,0,6.33E-06,6.34E-06,0.043986101,1,1,0,0,15,8,7,109.6097937,14,7,7,492.7517472
kilimanjaro/same/myamba,1,1,0.833333333,1.32E-05,6.99E-06,0.003256525,2,1,1,0.833333333,18,9,9,591.2845448,16,8,8,1411.88245
manyara/simanjiro/naberera,4,39,475.4382714,1.32E-05,2.04E-05,0.050884566,43,4,39,475.4382714,58,13,45,5864.306275,18,9,9,39370.87629
manyara/mbulu/nahasey,0,0,0,6.33E-06,6.33E-06,0.002721043,0,0,0,0,14,7,7,351.0858833,14,7,7,3902.603932
arusha/ngorongoro/nainokanoka,1,3,0,1.32E-05,2.04E-05,0.010310029,4,1,3,0,20,9,11,528.5761022,16,8,8,7215.381034
manyara/simanjiro/naisinyai,0,1,0,1.33E-05,6.33E-06,0.06781712,1,0,1,0,17,8,9,393.0111149,16,8,8,27733.26922
arusha/ngorongoro/naiyobi,0,1,0,1.32E-05,6.33E-06,0.002741978,1,0,1,0,8,4,4,11.13196109,8,4,4,287.9552749
arusha/longido/namanga,22,3,0,1.32E-05,2.05E-05,0.286251117,25,22,3,0,27,23,4,131.561917,2,1,1,0
manyara/mbulu/nambisi,1,1,0,1.32E-05,2.03E-05,0.002327805,2,1,1,0,15,8,7,325.1647339,14,7,7,2899.634842
manyara/kiteto/namelock,1,1,65.25,1.45E-05,6.97E-06,4.80E-05,2,1,1,65.25,13,7,6,78.00670017,12,6,6,299.9561837
manyara/babatiurban/nangara,5,4,1045,1.33E-05,6.41E-06,0.00618941,9,5,4,1045,19,9,10,1629.144295,12,6,6,1097.688964
manyara/hanang/nangwa,1,1,0,1.52E-05,6.66E-06,6.01E-06,2,1,1,0,14,7,7,218.0188878,12,6,6,2375.270839
kilimanjaro/rombo/nanjarareha,0,0,0,6.33E-06,6.33E-06,0.078019432,0,0,0,0,18,9,9,1125.456715,18,9,9,5535.268658
manyara/babati/nar,1,1,0,1.56E-05,6.34E-06,0.004862743,2,1,1,0,12,6,6,4007.178008,12,6,6,908.3014191
kilimanjaro/siha/nasai,1,0,0,6.33E-06,2.06E-05,0.094293045,1,1,0,0,9,5,4,39.54386161,8,4,4,4.567606675
manyara/kiteto/ndedo,1,4,2,1.33E-05,6.99E-06,0.001003131,5,1,4,2,16,6,10,795.9519019,12,6,6,2416.432643
kilimanjaro/siha/ndumeti,0,1,0,1.32E-05,6.33E-06,0.125870875,1,0,1,0,19,9,10,262.9793397,18,9,9,19961.41189
kilimanjaro/same/ndungu,0,1,0,1.32E-05,6.33E-06,0.000754236,1,0,1,0,9,4,5,236.2485298,8,4,4,16.58153554
arusha/arusha/nduruma,24,3,0,1.32E-05,2.05E-05,0.385604546,27,24,3,0,33,27,6,241.2169007,8,4,4,175.4850433
kilimanjaro/moshimunicipal/ngambo,2,0,0,6.33E-06,2.06E-05,0.134690374,2,2,0,0,10,6,4,22.92856314,8,4,4,1.5
kilimanjaro/siha/ngarenairobi,3,10,15.7,1.32E-05,2.05E-05,0.13331823,13,3,10,15.7,19,6,13,217.8208327,6,3,3,0
arusha/meru/ngarenanyuki,11,4,416.25,1.32E-05,2.05E-05,0.304679947,15,11,4,416.25,31,18,13,1132.120617,20,10,10,12430.03222
arusha/arushaurban/ngarenaro,0,1,0,1.32E-05,6.33E-06,0.05154545,1,0,1,0,9,4,5,76.11148275,8,4,4,4.272667855
manyara/simanjiro/ngorika,3,1,0,1.32E-05,2.04E-05,0.061640225,4,3,1,0,18,10,8,416.5808823,14,7,7,30282.67607
arusha/ngorongoro/ngorongoro,4,4,0,1.32E-05,2.04E-05,0.01248266,8,4,4,0,20,10,10,1097.78092,14,7,7,4359.804199
kilimanjaro/rombo/ngoyoni,1,0,0,6.33E-06,2.06E-05,0.083642329,1,1,0,0,9,5,4,344.808959,8,4,4,235.8822263
kilimanjaro/mwanga/ngujini,0,0,0,6.33E-06,6.33E-06,0.010097734,0,0,0,0,10,5,5,5.517265088,10,5,5,436.1032844
kilimanjaro/moshimunicipal/njoro,0,0,0,6.33E-06,6.33E-06,0.03355277,0,0,0,0,12,6,6,46.90840716,12,6,6,558.3044853
kilimanjaro/same/njoro,1,3,0,1.32E-05,2.04E-05,0.037017931,4,1,3,0,13,5,8,76.07810676,10,5,5,733.8626013
manyara/kiteto/njoro,0,1,0,1.45E-05,6.33E-06,0.000113926,1,0,1,0,8,4,4,18.45715948,8,4,4,341.7374986
manyara/babati/nkaiti,13,5,351.3,1.32E-05,2.05E-05,0.079964357,18,13,5,351.3,24,16,8,1194.522579,8,4,4,1353.363341
arusha/meru/nkoanrua,2,1,0,1.32E-05,2.05E-05,0.164180546,3,2,1,0,15,8,7,77.08127089,12,6,6,2367.244094
arusha/meru/nkoaranga,0,0,0,6.33E-06,6.33E-06,0.082823712,0,0,0,0,8,4,4,0.717170868,8,4,4,36.3229373
arusha/meru/nkoarisambu,2,0,0,6.33E-06,2.06E-05,0.106848834,2,2,0,0,12,7,5,14.18557636,10,5,5,381.2095664
kilimanjaro/moshi/okaoni,0,1,0,1.32E-05,6.33E-06,0.04285856,1,0,1,0,11,5,6,42.6418588,10,5,5,848.40671
arusha/arushaurban/olasiti,15,4,1660.8,1.32E-05,2.05E-05,0.390842381,19,15,4,1660.8,29,20,9,1252.412548,10,5,5,973.8094307
arusha/ngorongoro/olbalbal,2,4,208,1.32E-05,2.04E-05,0.007163428,6,2,4,208,14,5,9,599.8160451,10,5,5,2074.337083
manyara/kiteto/olboroti,0,1,0,1.45E-05,6.33E-06,0.000400288,1,0,1,0,12,6,6,465.8150595,12,6,6,5696.498245
kilimanjaro/moshi/oldmoshimagharibi,0,0,0,6.33E-06,6.33E-06,0.118119436,0,0,0,0,22,11,11,836.5248987,22,11,11,7150.784872
kilimanjaro/moshi/oldmoshimashariki,2,0,0,6.33E-06,2.06E-05,0.134340674,2,2,0,0,16,9,7,396.4461919,14,7,7,1529.985821
arusha/karatu/oldean,0,1,0,1.33E-05,6.33E-06,0.00130093,1,0,1,0,6,3,3,0,6,3,3,0
arusha/ngorongoro/oldonyosambu,0,0,0,6.33E-06,6.33E-06,0.004407733,0,0,0,0,4,2,2,0,4,2,2,0
arusha/arusha/oldonyosambu,14,49,493.4605981,1.32E-05,2.05E-05,0.261818597,63,14,49,493.4605981,69,20,49,1460.035328,14,7,7,6332.444771
kilimanjaro/rombo/olele,13,0,0,6.33E-06,2.06E-05,0.244542543,13,13,0,0,21,17,4,291.7192249,8,4,4,224.8408358
arusha/arusha/oljoro,9,3,415,1.32E-05,2.05E-05,0.269865557,12,9,3,415,18,11,7,154.4776534,8,4,4,700.087342
manyara/simanjiro/oljorono,1,4,0,1.32E-05,2.04E-05,0.160687517,5,1,4,0,22,10,12,176.9931938,18,9,9,27392.17337
arusha/arusha/olkokola,11,5,2.52991453,1.32E-05,2.05E-05,0.317847998,16,11,5,2.52991453,25,15,10,362.5468108,12,6,6,649.0261826
kilimanjaro/siha/olkolili,5,1,88.64032278,1.32E-05,2.05E-05,0.26791216,6,5,1,88.64032278,17,11,6,131.1259532,12,6,6,933.8973344
arusha/longido/olmolog,8,0,0,6.33E-06,2.06E-05,0.200193187,8,8,0,0,14,11,3,53.97094071,6,3,3,101.0893058
arusha/arusha/olmotonyi,32,80,4711.596505,1.32E-05,2.05E-05,0.414161893,112,32,80,4711.596505,113,33,80,8178.38113,10,5,5,150.0511362
arusha/ngorongoro/oloipiri,4,9,449.8190476,1.32E-05,2.03E-05,0.002798864,13,4,9,449.8190476,17,6,11,1093.592776,8,4,4,255.4570094
arusha/ngorongoro/oloirien,7,23,2130.762121,1.32E-05,2.04E-05,0.007621246,30,7,23,2130.762121,33,8,25,1670.684723,12,6,6,183.8804098
arusha/arushaurban/oloirieni,1,0,0,6.33E-06,2.05E-05,0.108630876,1,1,0,0,11,6,5,7.051262205,10,5,5,92.2140125
arusha/ngorongoro/ololosokwan,0,1,0,1.32E-05,6.33E-06,0.000162502,1,0,1,0,3,1,2,0,2,1,1,0
arusha/arusha/olorieni,5,1,0,1.32E-05,2.05E-05,0.290211331,6,5,1,0,22,13,9,113.1876678,18,9,9,4364.407408
arusha/arusha/oltoroto,4,0,0,6.33E-06,2.06E-05,0.183890219,4,4,0,0,14,9,5,16.64103697,10,5,5,776.9426226
arusha/arusha/oltrumet,2,1,0,1.32E-05,2.05E-05,0.174361098,3,2,1,0,13,7,6,69.52569318,12,6,6,871.7553315
arusha/longido/orbomba,31,7,1302.390079,1.32E-05,2.05E-05,0.32188512,38,31,7,1302.390079,43,33,10,1822.424308,10,5,5,1625.132673
arusha/ngorongoro/orgosorok,5,3,0,1.32E-05,2.04E-05,0.03419257,8,5,3,0,16,8,8,1585.732856,10,5,5,1482.899866
manyara/simanjiro/orkesmet,7,15,719.5147186,1.32E-05,2.05E-05,0.080654667,22,7,15,719.5147186,24,7,17,2960.437265,4,2,2,0
manyara/kiteto/partimbo,5,29,1157.25,1.45E-05,6.97E-06,0.000451819,34,5,29,1157.25,47,11,36,4028.675479,20,10,10,2118.276982
kilimanjaro/moshimunicipal/pasua,1,0,0,6.33E-06,2.06E-05,0.089427291,1,1,0,0,7,4,3,13.709987,6,3,3,0
arusha/ngorongoro/pinyinyi,1,3,0,1.32E-05,2.03E-05,0.011987897,4,1,3,0,24,11,13,1993.746562,20,10,10,9460.234955
arusha/meru/poli,16,6,24.84166667,1.32E-05,2.05E-05,0.348283889,22,16,6,24.84166667,30,20,10,619.0819191,8,4,4,31.91650135
manyara/babati/qashi,0,1,0,1.32E-05,6.33E-06,0.002941406,1,0,1,0,12,6,6,1340.520995,12,6,6,18846.71799
arusha/karatu/qurus,1,1,0,1.33E-05,6.34E-06,0.005372297,2,1,1,0,10,5,5,167.5372344,10,5,5,391.9044304
kilimanjaro/moshimunicipal/rau,0,0,0,6.33E-06,6.33E-06,0.098151269,0,0,0,0,20,10,10,1003.199336,20,10,10,2854.345301
arusha/karatu/rhotia,1,1,0,1.32E-05,2.04E-05,0.01296002,2,1,1,0,14,7,7,100.0208392,14,7,7,2116.154242
manyara/babati/riroda,1,1,0,1.32E-05,2.02E-05,0.000406392,2,1,1,0,10,5,5,87.4233695,8,4,4,16.18093719
kilimanjaro/same/ruvu,4,10,288.4861833,1.32E-05,2.05E-05,0.105775491,14,4,10,288.4861833,32,14,18,3050.394062,22,11,11,19040.47169
manyara/simanjiro/ruvuremiti,1,1,0.833333333,1.32E-05,6.99E-06,0.016161913,2,1,1,0.833333333,12,6,6,357.8919566,10,5,5,3744.801831
arusha/ngorongoro/sale,1,1,0,1.32E-05,2.02E-05,0.005322883,2,1,1,0,12,6,6,235.2012903,10,5,5,855.1864181
arusha/arusha/sambasha,4,1,0,1.32E-05,2.05E-05,0.147896869,5,4,1,0,12,7,5,10.35220968,10,5,5,173.2110237
kilimanjaro/same/same,5,4,2.700713012,1.32E-05,2.05E-05,0.095430271,9,5,4,2.700713012,18,9,9,826.0333122,10,5,5,542.2406216
arusha/ngorongoro/samunge,1,1,0,1.32E-05,2.02E-05,0.004545765,2,1,1,0,8,4,4,108.2411962,8,4,4,2.133333333
manyara/mbulu/sanubaray,2,0,0,6.33E-06,2.04E-05,0.001169091,2,2,0,0,17,9,8,722.3293112,16,8,8,855.2853815
kilimanjaro/siha/sanyajuu,7,16,61.08333333,1.32E-05,2.05E-05,0.249417382,23,7,16,61.08333333,30,10,20,629.4970473,8,4,4,15.77981696
arusha/meru/seelasingisi,1,1,0,1.32E-05,2.04E-05,0.110371747,2,1,1,0,14,7,7,85.42489322,12,6,6,550.1348672
arusha/arushaurban/sekei,20,1,19.15238095,1.32E-05,2.05E-05,0.399502877,21,20,1,19.15238095,35,27,8,1027.236003,14,7,7,442.6099962
arusha/monduli/selela,8,1,5.5,1.32E-05,2.05E-05,0.145912636,9,8,1,5.5,23,15,8,659.2824848,16,8,8,8719.867531
arusha/monduli/sepeko,3,3,0,1.32E-05,2.05E-05,0.207243583,6,3,3,0,20,10,10,350.0095514,16,8,8,5306.221425
manyara/simanjiro/shambarai,2,1,3,1.32E-05,2.05E-05,0.176493821,3,2,1,3,18,10,8,565.0429755,16,8,8,20887.95282
kilimanjaro/mwanga/shighatini,1,1,0,1.32E-05,2.04E-05,0.039611931,2,1,1,0,12,6,6,186.659177,10,5,5,341.8475302
kilimanjaro/rombo/shimbi,0,0,0,6.33E-06,6.33E-06,0.022505139,0,0,0,0,12,6,6,166.4882261,12,6,6,1145.373313
kilimanjaro/moshimunicipal/shirimatunda,1,0,0,6.33E-06,2.06E-05,0.091960622,1,1,0,0,10,5,5,77.20272446,10,5,5,402.1436351
manyara/babatiurban/sigino,0,1,0,1.33E-05,6.33E-06,0.000687189,1,0,1,0,11,5,6,69.9811461,10,5,5,181.6592569
manyara/hanang/simbay,0,1,0,1.53E-05,6.33E-06,2.30E-05,1,0,1,0,15,7,8,1317.22513,14,7,7,9085.956316
manyara/babatiurban/singe,0,1,0,1.33E-05,6.33E-06,0.000852438,1,0,1,0,8,4,4,5.534203774,8,4,4,244.0347501
manyara/hanang/sirop,0,1,0,1.33E-05,6.33E-06,1.71E-06,1,0,1,0,6,3,3,80.2236057,6,3,3,521.8620677
arusha/ngorongoro/soitsambu,1,1,0,1.32E-05,2.02E-05,0.00269742,2,1,1,0,7,4,3,397.515,6,3,3,792
arusha/arusha/sokonii,14,3,0,1.32E-05,2.05E-05,0.390181062,17,14,3,0,31,21,10,1211.695772,14,7,7,1288.369919
arusha/arushaurban/sokonii,8,1,5.441666667,1.32E-05,2.05E-05,0.29396836,9,8,1,5.441666667,19,13,6,53.88896514,10,5,5,1050.656531
arusha/arushaurban/sombetini,12,4,0,1.32E-05,2.05E-05,0.361743356,16,12,4,0,25,17,8,348.1162151,10,5,5,1065.040983
manyara/kiteto/songambele,1,1,0,1.45E-05,6.97E-06,2.27E-06,2,1,1,0,6,3,3,5.521769227,6,3,3,1.666666667
arusha/meru/songoro,9,1,0.533333333,1.32E-05,2.05E-05,0.339184487,10,9,1,0.533333333,23,16,7,207.2766536,14,7,7,1144.277801
kilimanjaro/moshimunicipal/soweto,1,0,0,6.33E-06,2.06E-05,0.113738773,1,1,0,0,11,6,5,24.90641284,10,5,5,113.1909019
kilimanjaro/same/stesheni,0,1,0,1.33E-05,6.33E-06,0.013476841,1,0,1,0,9,4,5,38.44348893,8,4,4,225.497892
kilimanjaro/same/suji,0,1,0,1.32E-05,6.33E-06,0.010267829,1,0,1,0,8,4,4,41.7979819,8,4,4,99.61657212
manyara/kiteto/sunya,5,31,851.9320346,1.45E-05,6.97E-06,8.65E-05,36,5,31,851.9320346,42,8,34,2381.852668,10,5,5,1054.43776
kilimanjaro/rombo/tarakeamotamburu,0,0,0,6.33E-06,6.33E-06,0.037261838,0,0,0,0,6,3,3,209.5577106,6,3,3,2034.089196
arusha/arushaurban/terrat,3,1,0.25,1.32E-05,2.05E-05,0.281320493,4,3,1,0.25,22,12,10,95.41367235,20,10,10,10050.44882
manyara/simanjiro/terrat,2,3,207,1.32E-05,2.05E-05,0.088374979,5,2,3,207,11,5,6,6.227901413,6,3,3,0
arusha/arushaurban/themi,0,1,0,1.32E-05,6.33E-06,0.106661722,1,0,1,0,17,8,9,107.318555,16,8,8,1564.300076
arusha/longido/tingatinga,8,1,0,1.32E-05,2.05E-05,0.25034835,9,8,1,0,20,13,7,278.632219,14,7,7,14496.24413
manyara/mbulu/tlawi,2,1,149.5619048,1.32E-05,2.04E-05,0.009248115,3,2,1,149.5619048,16,9,7,1279.90616,14,7,7,2303.779144
kilimanjaro/mwanga/toloha,0,1,0,1.33E-05,6.33E-06,0.029743973,1,0,1,0,10,5,5,148.7484686,10,5,5,1194.516142
manyara/mbulu/tumati,0,0,0,6.33E-06,6.33E-06,0.004957495,0,0,0,0,10,5,5,269.6565645,10,5,5,954.7617133
kilimanjaro/rombo/ubetukahe,16,0,0,6.33E-06,2.07E-05,0.285570752,16,16,0,0,22,19,3,616.4347864,6,3,3,0
manyara/babati/ufana,3,13,85.50833333,1.53E-05,6.66E-06,0.000673162,16,3,13,85.50833333,29,9,20,5730.940662,14,7,7,1154.547424
manyara/mbulu/uhuru,1,0,0,6.33E-06,2.04E-05,0.0008972,1,1,0,0,10,5,5,193.2843191,10,5,5,30.40593339
arusha/arushaurban/ungaltd,2,1,0,1.32E-05,2.05E-05,0.166853613,3,2,1,0,17,9,8,371.266954,14,7,7,869.5722457
kilimanjaro/moshi/urukaskazini,1,0,0,6.33E-06,2.05E-05,0.064742783,1,1,0,0,13,7,6,847.0773132,12,6,6,1800.488187
kilimanjaro/moshi/urukusini,9,4,0,1.32E-05,2.05E-05,0.220129226,13,9,4,0,27,16,11,4441.16188,14,7,7,6597.231245
kilimanjaro/moshi/urumashariki,3,1,78.89919709,1.32E-05,2.05E-05,0.160818513,4,3,1,78.89919709,20,11,9,2169.985783,16,8,8,4560.620488
kilimanjaro/moshi/urushimbwe,0,0,0,6.33E-06,6.33E-06,0.028735207,0,0,0,0,10,5,5,365.2687341,10,5,5,368.8170005
arusha/meru/usariver,11,8,8.448412698,1.32E-05,2.05E-05,0.338660767,19,11,8,8.448412698,30,17,13,529.4564079,12,6,6,560.1830862
kilimanjaro/rombo/ushiriikuini,0,0,0,6.33E-06,6.33E-06,0.01134479,0,0,0,0,12,6,6,178.5913228,12,6,6,469.6777028
kilimanjaro/same/vudee,0,0,0,6.33E-06,6.33E-06,0.001696271,0,0,0,0,10,5,5,18.80299963,10,5,5,350.3868602
kilimanjaro/same/vuje,0,0,0,6.33E-06,6.33E-06,0.000648394,0,0,0,0,8,4,4,3.8445881,8,4,4,76.40079513
kilimanjaro/same/vumari,0,1,0,1.33E-05,6.33E-06,0.033171052,1,0,1,0,18,9,9,906.1969336,18,9,9,1827.210834
kilimanjaro/same/vunta,0,1,0,1.32E-05,6.33E-06,0.013901732,1,0,1,0,12,6,6,1112.770064,12,6,6,2852.71007
manyara/mbulu/yaedaampa,0,1,0,1.32E-05,6.33E-06,0.005542598,1,0,1,0,14,7,7,507.4493939,14,7,7,4903.25689
manyara/mbulu/yaedachini,0,1,0,1.32E-05,6.33E-06,0.000529781,1,0,1,0,13,6,7,235.5532386,12,6,6,1146.610455